step,type,amount,nameOrig,oldbalanceOrg,newbalanceOrig,nameDest,oldbalanceDest,newbalanceDest,isFraud,isFlaggedFraud
1,CASH_OUT,2806.0,C2101527076,2806.0,0.0,C1007251739,26202.0,0.0,1,0
1,CASH_OUT,1277212.77,C467632528,1277212.77,0.0,C716083600,0.0,2444985.19,1,0
1,TRANSFER,25071.46,C669700766,25071.46,0.0,C1384210339,0.0,0.0,1,0
1,CASH_OUT,25071.46,C1275464847,25071.46,0.0,C1364913072,9083.76,34155.22,1,0
1,TRANSFER,235238.66,C1872047468,235238.66,0.0,C116289363,0.0,0.0,1,0
2,TRANSFER,1096187.24,C1093223281,1096187.24,0.0,C2063275841,0.0,0.0,1,0
2,CASH_OUT,14949.84,C395257482,14949.84,0.0,C1032986144,18161.79,33111.63,1,0
3,TRANSFER,22877.0,C1247938090,22877.0,0.0,C1002031672,0.0,0.0,1,0
4,TRANSFER,169941.73,C540962910,169941.73,0.0,C2127862399,0.0,0.0,1,0
5,TRANSFER,120074.73,C1409933277,120074.73,0.0,C162114152,0.0,0.0,1,0
5,CASH_OUT,60726.57,C840095827,60726.57,0.0,C803116137,1.301050278E7,1.307122935E7,1,0
5,CASH_OUT,10119.47,C213063852,10119.47,0.0,C922511709,0.0,10119.47,1,0
6,TRANSFER,26768.5,C457596841,26768.5,0.0,C1956477953,0.0,0.0,1,0
6,TRANSFER,30521.02,C903383636,30521.02,0.0,C904300960,0.0,0.0,1,0
7,TRANSFER,262434.54,C2101686389,262434.54,0.0,C612008977,0.0,0.0,1,0
7,CASH_OUT,262434.54,C383717053,262434.54,0.0,C380242442,19525.79,438233.86,1,0
7,TRANSFER,164.0,C1455969984,164.0,0.0,C2119910556,0.0,0.0,1,0
7,CASH_OUT,21571.0,C452475723,21571.0,0.0,C2089016471,30797.41,71140.3,1,0
8,CASH_OUT,89631.24,C1938531779,89631.24,0.0,C2048578791,21175.0,0.0,1,0
8,CASH_OUT,43092.0,C1395071924,43092.0,0.0,C79685693,660641.74,1158662.9,1,0
9,CASH_OUT,2539898.07,C728718059,2539898.07,0.0,C1013511446,968.0,1842864.22,1,0
9,TRANSFER,1154353.99,C670587931,1154353.99,0.0,C150406565,0.0,10872.9,1,0
9,TRANSFER,244068.01,C1087133093,244068.01,0.0,C1855553543,0.0,0.0,1,0
10,TRANSFER,93810.76,C481501970,93810.76,0.0,C1262577882,0.0,0.0,1,0
10,CASH_OUT,93810.76,C1190429229,93810.76,0.0,C2104652067,4096048.05,4189858.81,1,0
11,CASH_OUT,12461.0,C938980312,12461.0,0.0,C621014131,27964.11,40425.11,1,0
12,CASH_OUT,149668.66,C227115333,0.0,0.0,C460735540,44170.11,193838.76,1,0
12,TRANSFER,8677.0,C288028999,8677.0,0.0,C184294001,0.0,0.0,1,0
13,CASH_OUT,48375.02,C1894578299,48375.02,0.0,C590035788,374803.26,658520.33,1,0
13,CASH_OUT,454859.39,C1274887619,0.0,0.0,C2146670328,0.0,454859.39,1,0
13,TRANSFER,123194.95,C2143112877,79466.45,0.0,C1755380031,535933.16,263908.84,1,0
14,TRANSFER,2093951.47,C1374377088,2093951.47,0.0,C207611232,0.0,0.0,1,0
14,TRANSFER,1561891.66,C736093511,1561891.66,0.0,C1224081716,0.0,0.0,1,0
14,TRANSFER,65488.05,C236875489,65488.05,0.0,C528705657,0.0,0.0,1,0
15,CASH_OUT,696763.08,C725915377,696763.08,0.0,C1656726101,366114.58,1347073.81,1,0
15,CASH_OUT,95428.32,C947728507,0.0,0.0,C1720721903,0.0,95428.32,1,0
16,TRANSFER,2701905.3,C494334546,2701905.3,0.0,C428725863,0.0,0.0,1,0
17,CASH_OUT,195351.76,C268542581,195351.76,0.0,C504693752,156408.25,265841.0,1,0
18,TRANSFER,9131.0,C1592623877,9131.0,0.0,C87183368,0.0,0.0,1,0
19,TRANSFER,1861008.32,C1990303942,1861008.32,0.0,C1308678191,0.0,0.0,1,0
20,TRANSFER,16614.82,C2080146129,16614.82,0.0,C748889213,0.0,0.0,1,0
22,TRANSFER,37100.29,C362085592,37100.29,0.0,C1652057111,0.0,0.0,1,0
22,TRANSFER,235512.2,C480136801,235512.2,0.0,C160106315,0.0,0.0,1,0
22,TRANSFER,74804.24,C1239771149,74804.24,0.0,C1699565892,0.0,0.0,1,0
22,CASH_OUT,74804.24,C1683055902,74804.24,0.0,C313857348,0.0,74804.24,1,0
24,CASH_OUT,6844.73,C2006451816,6844.73,0.0,C1380348902,264100.7,270945.42,1,0
25,TRANSFER,217231.0,C1527375688,217231.0,0.0,C658289217,0.0,0.0,1,0
25,TRANSFER,44829.81,C589374615,44829.81,0.0,C1612426642,0.0,0.0,1,0
25,CASH_OUT,249159.26,C1962232117,249159.26,0.0,C750661006,285997.41,535156.67,1,0
25,TRANSFER,802382.45,C127098115,802382.45,0.0,C1570699013,0.0,0.0,1,0
26,TRANSFER,331829.94,C1549516546,331829.94,0.0,C1908627867,0.0,0.0,1,0
27,CASH_OUT,329937.88,C148278282,329937.88,0.0,C1783581377,349407.23,679345.1,1,0
30,CASH_OUT,236947.25,C474899128,236947.25,0.0,C116505755,70084.28,307031.53,1,0
30,CASH_OUT,109401.88,C984153855,109401.88,0.0,C1806203979,245588.62,354990.5,1,0
31,TRANSFER,378204.02,C620879020,378204.02,0.0,C929929591,0.0,0.0,1,0
31,CASH_OUT,378204.02,C1309442409,378204.02,0.0,C1009459055,0.0,378204.02,1,0
31,CASH_OUT,5021186.54,C1520365660,5021186.54,0.0,C1308026520,880859.14,5902045.68,1,0
32,CASH_OUT,1164448.96,C1925676917,1164448.96,0.0,C2040690699,1080246.34,2244695.29,1,0
32,CASH_OUT,401575.19,C1684571589,401575.19,0.0,C1619036760,0.0,401575.19,1,0
32,TRANSFER,604933.67,C1769820937,604933.67,0.0,C1536446312,0.0,0.0,1,0
33,TRANSFER,3295227.84,C1152596026,3295227.84,0.0,C1976114093,0.0,0.0,1,0
33,CASH_OUT,3295227.84,C1587398978,3295227.84,0.0,C1560573396,0.0,4002861.53,1,0
33,TRANSFER,9887819.06,C1548903046,9887819.06,0.0,C2065423383,0.0,0.0,1,0
33,CASH_OUT,9887819.06,C1071702423,9887819.06,0.0,C28783325,801913.95,1.016520011E7,1,0
33,CASH_OUT,1448630.38,C942063884,1448630.38,0.0,C1317594509,1294571.45,2743201.82,1,0
34,TRANSFER,428239.03,C711340026,428239.03,0.0,C674486348,0.0,0.0,1,0
34,CASH_OUT,27951.26,C476695686,27951.26,0.0,C90854025,10439.0,698752.71,1,0
34,CASH_OUT,865948.49,C2109818783,865948.49,0.0,C197117096,0.0,865948.49,1,0
34,TRANSFER,40458.0,C262165422,40458.0,0.0,C847172802,0.0,0.0,1,0
34,CASH_OUT,40458.0,C1657291163,40458.0,0.0,C684399107,561393.36,331179.02,1,0
34,CASH_OUT,1016540.35,C1455982049,1016540.35,0.0,C1613524189,4463851.64,5700161.74,1,0
35,CASH_OUT,122032.62,C1167817015,122032.62,0.0,C1628037417,0.0,122032.62,1,0
35,TRANSFER,171788.82,C392119936,171788.82,0.0,C1283539626,0.0,0.0,1,0
35,CASH_OUT,171788.82,C432562518,171788.82,0.0,C1529736160,19962.0,0.0,1,0
35,TRANSFER,136983.26,C828966021,136983.26,0.0,C253711141,0.0,0.0,1,0
1,CASH_OUT,153952.87,C1017792343,19336.33,0.0,C1023714065,2207835.95,1412484.09,0,0
1,CASH_IN,90380.34,C1270383967,4354377.1,4444757.44,C1060830840,221127.9,130747.56,0,0
6,PAYMENT,4738.4,C692864183,0.0,0.0,M51101315,0.0,0.0,0,0
6,PAYMENT,17110.72,C175881660,59859.0,42748.28,M1676585156,0.0,0.0,0,0
6,PAYMENT,21864.82,C1283050069,5049.0,0.0,M979620424,0.0,0.0,0,0
7,TRANSFER,761871.16,C1237669315,1248.0,0.0,C675203915,284974.0,777700.37,0,0
7,CASH_OUT,462312.19,C1017502292,27626.25,0.0,C1883840933,1.698075539E7,1.805639948E7,0,0
7,DEBIT,499.86,C901737914,47547.0,47047.14,C448070390,277478.0,277977.86,0,0
7,PAYMENT,1538.51,C1393060828,479.0,0.0,M625086641,0.0,0.0,0,0
7,TRANSFER,518041.64,C1342613143,42686.16,0.0,C1028574311,0.0,1305828.01,0,0
7,CASH_IN,19080.47,C929803808,2830232.59,2849313.06,C1213257323,262408.0,105004.27,0,0
7,CASH_IN,180389.34,C634942227,5648502.91,5828892.25,C417277601,208151.0,27761.66,0,0
7,PAYMENT,16981.52,C865100314,32186.0,15204.48,M1775883042,0.0,0.0,0,0
7,PAYMENT,7800.35,C1419982552,949.0,0.0,M32263068,0.0,0.0,0,0
7,PAYMENT,5869.28,C837668655,34607.0,28737.72,M1466870930,0.0,0.0,0,0
7,PAYMENT,12562.53,C1353000674,324459.02,311896.49,M1125897995,0.0,0.0,0,0
7,PAYMENT,12235.15,C1234963181,129909.32,117674.16,M153097013,0.0,0.0,0,0
7,PAYMENT,3649.08,C958030381,0.0,0.0,M87201826,0.0,0.0,0,0
7,PAYMENT,5464.61,C517507635,45214.0,39749.39,M1233754706,0.0,0.0,0,0
8,CASH_OUT,206961.49,C1962056087,14150.0,0.0,C1161865950,140907.06,2076683.64,0,0
8,PAYMENT,19241.18,C1211815404,74972.73,55731.55,M11285367,0.0,0.0,0,0
8,CASH_IN,224289.27,C413637535,4911554.44,5135843.7,C1894575391,1982963.54,3443379.49,0,0
8,CASH_IN,368568.64,C793242567,12393.0,380961.64,C118136684,0.0,57991.83,0,0
8,PAYMENT,3148.73,C516039477,24743.68,21594.95,M645884722,0.0,0.0,0,0
8,PAYMENT,2424.2,C888089029,120727.01,118302.82,M75464840,0.0,0.0,0,0
8,PAYMENT,14773.1,C842614489,12491.0,0.0,M1530162893,0.0,0.0,0,0
8,CASH_OUT,46570.29,C1556369975,132.0,0.0,C1859965144,244158.38,998355.01,0,0
8,CASH_IN,101703.34,C632984511,4422020.98,4523724.32,C533866202,213699.41,0.0,0,0
8,CASH_IN,58535.01,C174555747,162158.0,220693.01,C43121577,413.78,0.0,0,0
8,CASH_IN,187141.25,C12633136,4273284.47,4460425.72,C2113748097,828822.85,1409734.26,0,0
8,CASH_IN,141811.33,C1507170630,2596606.93,2738418.25,C746359178,742685.98,1793011.1,0,0
8,TRANSFER,387849.35,C881253965,860.0,0.0,C599726537,650688.09,528200.34,0,0
8,TRANSFER,608556.18,C1347968384,0.0,0.0,C1477641326,726631.76,1614315.76,0,0
8,CASH_IN,167015.83,C1711520740,2267646.58,2434662.41,C976133979,585321.32,418305.49,0,0
8,CASH_IN,38253.35,C1900323213,31433.0,69686.35,C571514738,18938.93,0.0,0,0
8,CASH_OUT,191784.31,C368071473,11069.08,0.0,C276384108,218920.54,740680.07,0,0
8,PAYMENT,9335.84,C1920737969,57188.0,47852.16,M1363856663,0.0,0.0,0,0
8,CASH_OUT,401228.66,C1293805690,0.0,0.0,C1251686742,812942.43,1311387.88,0,0
8,PAYMENT,3414.68,C432283295,36556.0,33141.32,M1899159594,0.0,0.0,0,0
8,TRANSFER,17964.21,C720006469,30892.0,12927.79,C906718881,119502.58,137466.79,0,0
8,PAYMENT,14523.27,C1298081252,0.0,0.0,M298561927,0.0,0.0,0,0
8,PAYMENT,1288.81,C862023289,7270.31,5981.5,M1359143688,0.0,0.0,0,0
8,CASH_IN,22114.6,C849540019,3405427.4,3427541.99,C556534527,31305.57,9190.97,0,0
8,CASH_OUT,121171.44,C1285187718,0.0,0.0,C1937962514,1460140.05,1581311.49,0,0
8,CASH_IN,64483.09,C999454809,9343141.89,9407624.98,C198998678,1948511.61,5424217.14,0,0
8,CASH_OUT,90335.03,C1478485543,276145.31,185810.29,C1423956695,0.0,323742.42,0,0
8,PAYMENT,2100.94,C1328368548,21596.0,19495.06,M217538412,0.0,0.0,0,0
9,CASH_OUT,127727.33,C1397998595,0.0,0.0,C1639464943,872979.03,990259.64,0,0
9,CASH_IN,291750.15,C1936746518,8467795.64,8759545.78,C306285887,1689251.77,2144494.04,0,0
9,CASH_OUT,152280.57,C101158488,0.0,0.0,C897697267,442405.44,259361.88,0,0
9,PAYMENT,6405.11,C5639559,56118.0,49712.89,M1159309715,0.0,0.0,0,0
9,CASH_IN,191154.61,C235064857,2378202.77,2569357.38,C618018140,969750.44,1227915.58,0,0
9,CASH_OUT,223164.55,C2117907605,11607.0,0.0,C655391383,303787.15,526951.7,0,0
9,CASH_OUT,53238.07,C445944414,43216.0,0.0,C1863854659,0.0,53238.07,0,0
9,PAYMENT,28354.08,C1075754803,81719.68,53365.6,M1967812701,0.0,0.0,0,0
9,TRANSFER,106418.97,C1835346004,26417.0,0.0,C195600860,0.0,479119.42,0,0
9,PAYMENT,6130.14,C1925075522,114338.57,108208.43,M1599035791,0.0,0.0,0,0
9,CASH_OUT,174675.93,C1174319294,89925.0,0.0,C1694734722,0.0,174675.93,0,0
9,PAYMENT,28088.99,C1049211281,583.0,0.0,M1037561150,0.0,0.0,0,0
9,PAYMENT,2606.76,C1980299486,321608.37,319001.61,M1702149786,0.0,0.0,0,0
9,CASH_IN,287467.6,C424958732,794.0,288261.6,C1203655776,72726.0,125694.16,0,0
9,CASH_OUT,35310.74,C532628520,1226.0,0.0,C1781059427,10352.0,641016.46,0,0
9,CASH_OUT,29174.06,C2143857875,0.0,0.0,C1432083914,189622.0,573262.13,0,0
9,TRANSFER,1143686.45,C1122439738,0.0,0.0,C277595172,1393303.64,3865844.71,0,0
9,CASH_IN,357261.03,C722469895,20275.0,377536.03,C1749585032,24732.0,0.0,0,0
9,CASH_IN,376602.98,C751887346,0.0,376602.98,C655391383,526951.7,150348.72,0,0
9,CASH_OUT,201711.35,C1439774164,0.0,0.0,C577034657,971778.34,1173489.69,0,0
9,PAYMENT,16831.56,C1825700242,431105.82,414274.27,M166183501,0.0,0.0,0,0
9,CASH_IN,142295.74,C883972485,40479.0,182774.74,C470206661,18808.92,0.0,0,0
9,CASH_IN,279900.8,C228161856,8968492.51,9248393.3,C1340123681,2077843.98,2286629.98,0,0
9,PAYMENT,7451.69,C568960310,119289.0,111837.31,M1346511630,0.0,0.0,0,0
9,CASH_OUT,264756.24,C2017976849,2192909.24,1928153.0,C910119139,480066.02,1085321.33,0,0
9,PAYMENT,8125.6,C935095907,71641.17,63515.57,M1168286921,0.0,0.0,0,0
9,CASH_OUT,396940.28,C1260593565,194.0,0.0,C1597635061,57036.0,0.0,0,0
9,CASH_IN,168554.08,C1018002979,20704.0,189258.08,C772100523,107068.0,908778.46,0,0
9,CASH_OUT,35026.97,C716105841,115344.0,80317.03,C2027305052,10622.0,45648.97,0,0
9,PAYMENT,13517.57,C1890807974,92947.0,79429.43,M2063730085,0.0,0.0,0,0
9,CASH_IN,1872.93,C268414284,2.056323309E7,2.056510602E7,C686412725,46311.26,3386.25,0,0
9,PAYMENT,14085.8,C711136603,95800.94,81715.14,M949136397,0.0,0.0,0,0
9,PAYMENT,5947.0,C426303188,0.0,0.0,M661683283,0.0,0.0,0,0
9,PAYMENT,3373.7,C695786701,65229.0,61855.3,M547314181,0.0,0.0,0,0
9,DEBIT,483.33,C637424966,0.0,0.0,C1397244538,211362.21,211845.54,0,0
9,CASH_IN,452141.59,C833353150,144023.0,596164.59,C1949097464,0.0,1866298.58,0,0
9,CASH_IN,29947.83,C2029561296,1.139142504E7,1.142137287E7,C342774175,368911.68,706422.39,0,0
9,TRANSFER,515246.38,C8097323,0.0,0.0,C2023961010,0.0,900045.51,0,0
9,CASH_OUT,324072.19,C1263014592,699286.47,375214.27,C408553489,0.0,832072.21,0,0
9,PAYMENT,20173.01,C629681679,361851.9,341678.9,M372531137,0.0,0.0,0,0
9,CASH_OUT,41719.83,C696053967,20087.0,0.0,C1721246847,17982.0,1348437.19,0,0
9,PAYMENT,3859.69,C1612677018,0.0,0.0,M1194865353,0.0,0.0,0,0
9,CASH_OUT,289800.06,C2101462479,63868.0,0.0,C834304043,69463.0,786410.22,0,0
9,CASH_IN,96391.1,C1069700397,254.0,96645.1,C1664927413,324206.83,0.0,0,0
10,CASH_OUT,134076.14,C251322716,298918.89,164842.75,C1631408038,189864.68,541639.43,0,0
10,PAYMENT,33104.49,C1834535897,0.0,0.0,M1256139224,0.0,0.0,0,0
10,PAYMENT,29803.25,C1390493094,0.0,0.0,M1222243037,0.0,0.0,0,0
10,CASH_OUT,4154.12,C1252789990,0.0,0.0,C1364101512,52311.0,0.0,0,0
10,CASH_OUT,92582.79,C913454307,0.0,0.0,C1204684191,9211350.34,1.007325276E7,0,0
10,CASH_OUT,212037.01,C377066595,163583.0,0.0,C895767635,246181.68,476036.7,0,0
10,PAYMENT,64.09,C372732149,0.0,0.0,M1998248950,0.0,0.0,0,0
10,CASH_IN,178860.04,C728250505,7246523.04,7425383.08,C222020906,959802.37,781086.24,0,0
10,CASH_OUT,218654.74,C1556003057,182769.0,0.0,C1825634724,2887334.39,3646030.37,0,0
10,PAYMENT,7923.17,C94829896,0.0,0.0,M1024306845,0.0,0.0,0,0
10,PAYMENT,4568.25,C1909266514,159371.01,154802.76,M1211896652,0.0,0.0,0,0
10,PAYMENT,12300.39,C1407872675,64495.0,52194.61,M1751071254,0.0,0.0,0,0
10,CASH_OUT,368548.74,C426727594,0.0,0.0,C31789747,989577.85,1632160.69,0,0
10,PAYMENT,21834.3,C227410885,286836.03,265001.72,M524368723,0.0,0.0,0,0
10,PAYMENT,4403.56,C1762287373,111782.28,107378.72,M996080136,0.0,0.0,0,0
10,PAYMENT,12053.96,C69614489,40127.0,28073.04,M179909920,0.0,0.0,0,0
10,CASH_IN,114505.66,C2109656755,0.0,114505.66,C152991414,364526.51,250020.85,0,0
10,TRANSFER,74309.13,C284785942,14579.0,0.0,C1728410642,231957.7,306266.83,0,0
10,CASH_IN,270220.4,C1892817963,207436.0,477656.4,C1259324562,0.0,0.0,0,0
10,CASH_IN,187087.88,C1794078862,1795814.08,1982901.96,C1167625901,329287.14,142199.26,0,0
10,TRANSFER,2776272.89,C1459182437,13869.0,0.0,C1045308594,0.0,2776272.89,0,0
10,CASH_IN,355471.85,C939911592,0.0,355471.85,C1790296620,0.0,0.0,0,0
10,CASH_OUT,156727.47,C2010959673,0.0,0.0,C212121786,464917.61,621645.08,0,0
10,PAYMENT,22680.09,C356601845,0.0,0.0,M511812557,0.0,0.0,0,0
10,PAYMENT,29739.65,C2088524731,364552.97,334813.31,M1263201531,0.0,0.0,0,0
10,PAYMENT,17178.25,C461539018,1191436.66,1174258.41,M1177528419,0.0,0.0,0,0
10,PAYMENT,25640.63,C1828672419,10554.0,0.0,M1258044376,0.0,0.0,0,0
10,TRANSFER,2857814.3,C1623450025,0.0,0.0,C183354406,4512922.88,7472097.65,0,0
10,CASH_OUT,840128.56,C1830351120,179272.98,0.0,C1136492228,2864177.56,4160377.28,0,0
10,CASH_IN,50536.21,C269448373,118.0,50654.21,C1213217339,0.0,2609095.53,0,0
10,CASH_OUT,283195.77,C179167304,11490.0,0.0,C382641825,278094.23,341132.89,0,0
10,TRANSFER,215872.03,C703179414,0.0,0.0,C576860953,436770.12,652642.15,0,0
10,CASH_IN,52588.52,C870074139,5139341.11,5191929.63,C271365023,1344634.83,1129608.92,0,0
10,CASH_IN,41538.11,C1210873633,50592.0,92130.11,C1745029710,348760.44,307222.33,0,0
10,CASH_OUT,77983.94,C773342911,0.0,0.0,C620532131,4285872.64,5019066.83,0,0
10,CASH_IN,174175.09,C26580618,154404.4,328579.49,C1047514170,16071.08,638327.93,0,0
10,CASH_OUT,505595.69,C1537895585,0.0,0.0,C1753827290,0.0,403954.47,0,0
10,CASH_OUT,559417.74,C1142554370,0.0,0.0,C1816757085,1.57687818E7,1.632819954E7,0,0
10,PAYMENT,1018.88,C1222699659,68232.0,67213.12,M257436986,0.0,0.0,0,0
10,PAYMENT,14128.78,C1314080910,1289336.69,1275207.92,M1459806709,0.0,0.0,0,0
10,PAYMENT,219.53,C205284491,0.0,0.0,M1904936054,0.0,0.0,0,0
10,PAYMENT,2484.16,C1524418223,10728.0,8243.84,M2126308082,0.0,0.0,0,0
10,CASH_IN,246422.12,C1309832688,9871055.89,1.011747801E7,C2084157350,4333655.33,3742667.75,0,0
10,TRANSFER,1043975.92,C769786088,0.0,0.0,C174217117,23074.0,888962.3,0,0
10,PAYMENT,2444.09,C559544882,125934.0,123489.91,M101778527,0.0,0.0,0,0
11,DEBIT,3211.04,C396019548,9999.0,6787.96,C2033982343,439772.67,1284261.0,0,0
11,TRANSFER,602676.68,C1865623051,10502.0,0.0,C231037736,277209.31,970753.47,0,0
11,CASH_OUT,448182.92,C681405095,53830.0,0.0,C539517785,360937.0,1457509.28,0,0
11,PAYMENT,15455.72,C1509244359,0.0,0.0,M412251049,0.0,0.0,0,0
11,PAYMENT,25805.41,C1220513488,36164.0,10358.59,M816151152,0.0,0.0,0,0
11,CASH_OUT,38518.72,C227151263,1060704.36,1022185.64,C1632039044,3199210.16,3237728.88,0,0
11,CASH_OUT,452508.71,C1914335587,314.0,0.0,C73663254,0.0,452508.71,0,0
11,CASH_IN,144656.64,C1926901113,61177.0,205833.64,C2006081398,1.419622189E7,1.703060594E7,0,0
11,CASH_IN,295369.28,C2105973017,670581.0,965950.28,C1302803707,4278202.61,4635769.59,0,0
11,CASH_OUT,212024.6,C1824634974,0.0,0.0,C993119318,694312.88,769691.5,0,0
11,PAYMENT,10019.51,C2082704255,60789.0,50769.49,M1136919329,0.0,0.0,0,0
11,CASH_OUT,12737.25,C1995024127,0.0,0.0,C28708826,2475542.46,2558949.54,0,0
11,CASH_IN,77685.03,C770427889,424906.43,502591.45,C1421496184,702217.85,714050.67,0,0
11,CASH_OUT,450319.24,C1073200312,8941.84,0.0,C1733234480,5495285.16,6514191.3,0,0
11,PAYMENT,1854.53,C288118173,51675.58,49821.06,M401340423,0.0,0.0,0,0
11,PAYMENT,56704.75,C1343807497,160721.0,104016.25,M1691223725,0.0,0.0,0,0
11,TRANSFER,619529.68,C1737722561,0.0,0.0,C1957476230,1930118.17,2998114.76,0,0
11,CASH_OUT,129744.79,C1758255305,31052.0,0.0,C1466866248,383094.31,512839.1,0,0
11,CASH_IN,308347.63,C614955510,1821211.11,2129558.74,C1469293879,1100009.77,598325.13,0,0
11,CASH_OUT,203383.65,C351447033,147576.0,0.0,C562930169,568840.79,772224.45,0,0
11,PAYMENT,8357.26,C1788678174,31210.0,22852.74,M2107497937,0.0,0.0,0,0
11,CASH_OUT,21980.32,C115322053,0.0,0.0,C1075564985,7094749.28,7116729.59,0,0
11,PAYMENT,18131.06,C296494880,2662.0,0.0,M1233527792,0.0,0.0,0,0
11,PAYMENT,4583.23,C1721641868,190122.1,185538.87,M911785545,0.0,0.0,0,0
11,PAYMENT,9545.05,C763816906,0.0,0.0,M543365756,0.0,0.0,0,0
11,CASH_OUT,553447.2,C779076802,50853.0,0.0,C159527007,10470.0,665441.05,0,0
11,CASH_OUT,12221.78,C2137280211,0.0,0.0,C306285887,2682695.24,2359254.16,0,0
11,PAYMENT,11.23,C167864024,0.0,0.0,M1093020747,0.0,0.0,0,0
11,CASH_IN,404713.17,C545769636,41327.0,446040.17,C1558635925,0.0,314669.27,0,0
11,PAYMENT,15305.33,C794278081,204238.88,188933.55,M2073488609,0.0,0.0,0,0
11,CASH_IN,57351.55,C1449016496,6158908.97,6216260.52,C695487589,96653.0,0.0,0,0
11,PAYMENT,1859.2,C218416074,476891.0,475031.8,M1869730921,0.0,0.0,0,0
11,CASH_IN,170047.46,C1543633916,127452.72,297500.17,C1614943074,0.0,0.0,0,0
11,CASH_OUT,96048.24,C759126184,19912.0,0.0,C573979522,431777.85,275121.43,0,0
11,CASH_OUT,227374.91,C113572662,0.0,0.0,C260376409,1885274.63,2112649.53,0,0
11,CASH_IN,189855.74,C1424098476,13670.0,203525.74,C1939372551,238465.58,0.0,0,0
11,PAYMENT,26091.82,C160772746,33442.17,7350.34,M1049460520,0.0,0.0,0,0
11,CASH_OUT,46239.49,C2077827444,0.0,0.0,C113893574,3708089.12,3754328.61,0,0
11,CASH_OUT,192868.42,C439214676,0.0,0.0,C1887021195,2657055.14,2849923.57,0,0
11,PAYMENT,1930.82,C561716417,64189.0,62258.18,M1766371742,0.0,0.0,0,0
11,TRANSFER,720505.7,C657980202,20287.82,0.0,C1794939476,5710244.37,6430750.07,0,0
11,PAYMENT,16977.52,C1849403575,0.0,0.0,M525228462,0.0,0.0,0,0
11,CASH_OUT,468726.87,C645826302,178.0,0.0,C1256089027,41756.0,0.0,0,0
11,CASH_IN,240800.28,C1219994413,12028.0,252828.28,C2131324576,26175.18,238217.21,0,0
11,CASH_OUT,43015.05,C361568051,0.0,0.0,C1296863990,402843.16,510185.02,0,0
11,CASH_OUT,43364.01,C51821981,0.0,0.0,C1726228995,1337666.35,1381030.36,0,0
12,PAYMENT,8160.08,C674762176,2019.0,0.0,M565031959,0.0,0.0,0,0
12,CASH_OUT,166383.58,C1410692512,0.0,0.0,C843031928,1296599.57,1729650.67,0,0
12,PAYMENT,19672.34,C744430946,187117.0,167444.66,M1690028227,0.0,0.0,0,0
12,CASH_OUT,120337.47,C2066364488,0.0,0.0,C1205516879,640833.97,761171.44,0,0
12,CASH_OUT,221746.32,C401699951,139.0,0.0,C1510405270,252786.08,481317.23,0,0
12,CASH_OUT,376529.02,C1159704434,306025.0,0.0,C931818532,80062.49,456591.5,0,0
12,PAYMENT,22274.67,C1764567833,21255.0,0.0,M1955002476,0.0,0.0,0,0
12,TRANSFER,897687.24,C1894089705,0.0,0.0,C1292435170,3333346.38,5802065.98,0,0
12,PAYMENT,43627.04,C1816528618,0.0,0.0,M1595075055,0.0,0.0,0,0
12,CASH_IN,602637.78,C1475318424,1864573.36,2467211.14,C265184085,603102.33,464.55,0,0
12,CASH_OUT,108389.06,C543717312,0.0,0.0,C1882485538,3404462.1,3512851.16,0,0
12,CASH_OUT,73980.73,C1201960504,0.0,0.0,C36398926,3566096.34,3640077.06,0,0
12,PAYMENT,10593.93,C40194047,2076.0,0.0,M1404455721,0.0,0.0,0,0
12,PAYMENT,24437.59,C1550394936,50113.0,25675.41,M194537130,0.0,0.0,0,0
12,CASH_OUT,349001.51,C2067803694,12808.0,0.0,C2074195621,0.0,526409.34,0,0
12,CASH_OUT,40620.07,C1930682924,0.0,0.0,C1066166621,1107927.57,1148547.64,0,0
12,PAYMENT,1330.57,C1217177185,151009.02,149678.45,M2020262567,0.0,0.0,0,0
12,CASH_OUT,9265.49,C2077539091,0.0,0.0,C433185494,51086.0,60351.49,0,0
12,CASH_OUT,78730.83,C519184589,75223.0,0.0,C2095552565,177660.0,256390.83,0,0
12,CASH_IN,335674.44,C44052155,10.0,335684.44,C1721246847,1580160.52,1244486.07,0,0
12,PAYMENT,17321.0,C1867764525,19835.0,2514.0,M837101270,0.0,0.0,0,0
12,TRANSFER,1907932.0,C880560169,0.0,0.0,C495650048,5833173.84,8051279.77,0,0
12,CASH_OUT,207097.5,C1843406419,80767.0,0.0,C2109653657,143.0,207240.5,0,0
12,PAYMENT,35107.16,C68233023,81468.95,46361.79,M2074116676,0.0,0.0,0,0
12,PAYMENT,2051.03,C520664616,0.0,0.0,M414356086,0.0,0.0,0,0
12,CASH_OUT,167127.66,C1691143527,0.0,0.0,C195601103,730451.34,43057.01,0,0
12,PAYMENT,21530.25,C901907793,0.0,0.0,M1714060906,0.0,0.0,0,0
12,CASH_IN,73079.73,C1401949454,1713686.67,1786766.4,C274654229,497306.61,160325.66,0,0
12,CASH_IN,334244.21,C74502142,0.0,334244.21,C323302928,1244960.24,1270126.42,0,0
12,PAYMENT,2978.83,C918743880,106425.0,103446.17,M756361680,0.0,0.0,0,0
12,CASH_OUT,247087.65,C55557531,0.0,0.0,C1340123681,5607213.97,5854301.61,0,0
12,CASH_OUT,247874.36,C1209609770,0.0,0.0,C1292774338,2212830.63,2393884.6,0,0
12,PAYMENT,160.11,C1252034087,99792.53,99632.42,M1709227159,0.0,0.0,0,0
12,CASH_OUT,157824.78,C1499968923,0.0,0.0,C1144598116,2661402.45,2819227.23,0,0
12,CASH_IN,67313.46,C1056982258,63607.0,130920.46,C2047161613,610090.47,0.0,0,0
12,CASH_IN,48506.98,C2017217867,255330.62,303837.6,C1850099775,10882.0,0.0,0,0
12,PAYMENT,1867.85,C494925820,126177.0,124309.15,M745835579,0.0,0.0,0,0
12,PAYMENT,10426.38,C51989734,800010.18,789583.8,M1153218918,0.0,0.0,0,0
12,TRANSFER,1819008.18,C1849708918,13887.0,0.0,C354801198,0.0,1799648.14,0,0
12,PAYMENT,17861.38,C311016636,166628.69,148767.31,M1807024434,0.0,0.0,0,0
12,CASH_IN,93988.06,C1927837567,34343.0,128331.06,C1331531264,768032.46,37240.18,0,0
12,CASH_IN,379784.96,C1308675466,94493.0,474277.96,C865164641,0.0,0.0,0,0
12,PAYMENT,16602.24,C504739679,40830.0,24227.76,M1578871329,0.0,0.0,0,0
12,CASH_IN,251164.47,C712854010,597.0,251761.47,C2087736428,174.0,0.0,0,0
12,CASH_OUT,279152.48,C1549230796,0.0,0.0,C153066975,884903.93,1164056.4,0,0
12,PAYMENT,5222.88,C24484680,0.0,0.0,M1859570697,0.0,0.0,0,0
12,CASH_IN,94129.69,C21072912,30698.92,124828.61,C1652671483,0.0,18175.01,0,0
12,TRANSFER,1077510.18,C159393188,150010.0,0.0,C1353518278,0.0,1097267.85,0,0
12,CASH_OUT,231767.48,C1284619483,403997.0,172229.52,C1324885855,1957218.56,2574131.74,0,0
12,CASH_IN,27522.89,C607638928,8932336.93,8959859.82,C1332429382,208514.0,48856.86,0,0
13,PAYMENT,15353.4,C2088369452,355242.64,339889.25,M1614813714,0.0,0.0,0,0
13,CASH_IN,126584.41,C1617377827,2040121.62,2166706.02,C991670268,2436238.39,4694023.72,0,0
13,CASH_IN,271264.13,C50773427,5997216.93,6268481.06,C1588318071,295795.96,24531.83,0,0
13,CASH_IN,310173.36,C670684816,3092555.81,3402729.17,C676826990,875125.21,779021.76,0,0
13,CASH_OUT,171499.49,C637049358,0.0,0.0,C1828727641,223033.87,451733.84,0,0
13,CASH_OUT,14439.79,C495416438,0.0,0.0,C1658000735,110555.0,48330.75,0,0
13,CASH_IN,377998.5,C1028486162,3605160.36,3983158.86,C1244947864,8348890.92,8042219.51,0,0
13,PAYMENT,16731.33,C1515535928,21064.0,4332.67,M56612444,0.0,0.0,0,0
13,CASH_OUT,108690.43,C1271987522,5453.0,0.0,C808756429,2141901.31,2395063.6,0,0
13,CASH_IN,212010.66,C2058034633,26641.39,238652.05,C109490548,1414359.32,1202348.66,0,0
13,CASH_IN,6208.11,C1223790458,4199490.45,4205698.56,C424353232,74227.0,0.0,0,0
13,CASH_OUT,72255.05,C47349927,132469.0,60213.95,C1419794148,6869365.71,6529026.36,0,0
13,PAYMENT,2221.22,C546485151,0.0,0.0,M388874970,0.0,0.0,0,0
13,CASH_IN,366647.05,C1225191026,38904.0,405551.05,C18496128,1957394.12,1590747.08,0,0
13,CASH_OUT,7892.3,C1528670942,1556484.01,1548591.71,C1020160156,1108362.43,1420524.45,0,0
13,PAYMENT,9393.76,C1056419996,0.0,0.0,M445351502,0.0,0.0,0,0
13,CASH_OUT,492204.87,C1505413886,0.0,0.0,C1780987237,44623.19,536828.06,0,0
13,CASH_IN,173568.47,C862908796,10778.0,184346.47,C856163067,0.0,0.0,0,0
13,DEBIT,3462.69,C1994882063,0.0,0.0,C240272195,4626069.6,5166526.97,0,0
13,DEBIT,1010.0,C1521684411,11570.0,10560.0,C1710662609,1300776.81,1301786.81,0,0
13,CASH_OUT,284797.48,C909506450,0.0,0.0,C133821403,472681.53,757479.01,0,0
13,CASH_IN,178168.82,C1553074215,339281.02,517449.84,C961718490,3117615.27,2939446.45,0,0
13,CASH_IN,90050.1,C1689288323,2037959.89,2128009.99,C1380720615,1189130.55,1099080.45,0,0
13,CASH_IN,46548.98,C668196474,1.771117816E7,1.775772714E7,C1565996144,817948.51,771399.53,0,0
13,TRANSFER,259410.98,C2044573997,0.0,0.0,C1864522583,602415.82,861826.8,0,0
13,PAYMENT,8303.26,C983560649,9055.7,752.44,M1449664963,0.0,0.0,0,0
13,TRANSFER,63516.77,C1271491174,0.0,0.0,C1361396394,2.148412043E7,2.154763721E7,0,0
13,CASH_OUT,394585.47,C1253435299,63498.0,0.0,C711926359,0.0,394585.47,0,0
13,CASH_IN,84718.44,C509290364,24881.25,109599.69,C542789007,2370960.11,2286241.67,0,0
13,CASH_OUT,15321.9,C378983895,0.0,0.0,C390839950,1193071.63,1208393.53,0,0
13,CASH_OUT,188246.36,C440104236,19599.0,0.0,C1589547066,9009193.4,9197439.76,0,0
13,PAYMENT,19899.61,C1436126328,0.0,0.0,M618802250,0.0,0.0,0,0
13,CASH_OUT,377414.31,C753701152,4237.0,0.0,C955404459,0.0,377414.31,0,0
13,TRANSFER,985175.13,C673630821,111.0,0.0,C1142773057,0.0,1196206.7,0,0
13,CASH_OUT,206642.8,C1931879793,0.0,0.0,C1595854593,392928.61,969331.03,0,0
13,CASH_OUT,53004.7,C1371737604,0.0,0.0,C334217924,1027456.02,994172.34,0,0
13,CASH_OUT,32943.11,C1052180557,0.0,0.0,C1320082711,4018123.68,6095059.63,0,0
13,TRANSFER,365587.69,C1375765376,381495.7,15908.01,C419620565,1287586.53,1653174.22,0,0
13,TRANSFER,138288.96,C562067666,0.0,0.0,C1359426400,281969.45,420258.41,0,0
13,PAYMENT,8195.73,C1519705694,0.0,0.0,M857410331,0.0,0.0,0,0
13,PAYMENT,3648.79,C649197795,4047.0,398.21,M906510154,0.0,0.0,0,0
13,CASH_OUT,265818.94,C250685295,293224.0,27405.06,C1832936189,2377994.68,2643813.62,0,0
13,CASH_IN,118063.39,C1062361584,1.375325437E7,1.387131777E7,C1442599721,182969.7,64906.31,0,0
13,PAYMENT,26316.31,C1081828524,134742.68,108426.36,M1072911124,0.0,0.0,0,0
13,PAYMENT,4528.21,C271231215,1900833.07,1896304.86,M1486922057,0.0,0.0,0,0
13,PAYMENT,5726.92,C1131700739,148870.0,143143.08,M550838995,0.0,0.0,0,0
13,PAYMENT,9727.14,C1088248367,0.0,0.0,M559422737,0.0,0.0,0,0
14,CASH_OUT,203673.61,C1621620037,0.0,0.0,C414333916,1821355.47,2025029.08,0,0
14,TRANSFER,1248351.3,C625562363,14950.0,0.0,C1978307335,5185.0,1253536.3,0,0
14,CASH_OUT,74496.56,C1257585617,0.0,0.0,C826383690,1599590.01,1674086.58,0,0
14,CASH_OUT,65770.55,C537963255,0.0,0.0,C128931614,2809847.19,2875617.74,0,0
14,CASH_OUT,330520.31,C1628393326,0.0,0.0,C1370269326,4504167.24,4834687.54,0,0
14,CASH_IN,217207.72,C990635760,569307.77,786515.49,C945678918,671924.8,454717.08,0,0
14,CASH_OUT,23257.48,C1420324334,225408.0,202150.52,C941703379,182533.57,205791.05,0,0
14,CASH_OUT,46863.7,C1773918213,10226.0,0.0,C1684776894,2901605.01,2948468.71,0,0
14,PAYMENT,2801.29,C398674222,52731.2,49929.91,M1289675046,0.0,0.0,0,0
14,PAYMENT,6541.15,C769273263,0.0,0.0,M1111186356,0.0,0.0,0,0
14,CASH_OUT,336204.57,C1774910226,455491.0,119286.43,C27642108,0.0,644862.08,0,0
14,CASH_OUT,84598.36,C1091169327,0.0,0.0,C822359325,118472.71,97252.58,0,0
14,CASH_IN,53489.83,C85458746,6687984.58,6741474.41,C1215697988,191207.74,137717.91,0,0
14,CASH_IN,180984.35,C1764860265,13600.0,194584.35,C1641587857,1828224.72,2210791.61,0,0
14,CASH_OUT,273007.67,C806641315,0.0,0.0,C931229350,335531.63,595309.79,0,0
14,CASH_OUT,149132.86,C1867888602,7083.0,0.0,C431687661,953723.36,890765.17,0,0
14,PAYMENT,6358.31,C836410952,0.0,0.0,M822558762,0.0,0.0,0,0
14,CASH_IN,329487.52,C894451473,6045.0,335532.52,C1382399305,56088.0,0.0,0,0
14,CASH_OUT,12813.19,C1171994897,72230.0,59416.81,C1468547507,312828.61,303942.18,0,0
14,CASH_IN,188990.53,C606274547,1416880.49,1605871.02,C1014607150,948449.84,1056128.83,0,0
14,PAYMENT,1466.87,C720625436,4620.0,3153.13,M1464644058,0.0,0.0,0,0
14,CASH_OUT,457589.36,C300755096,68772.0,0.0,C1071651985,1210363.56,2802178.32,0,0
14,PAYMENT,634.7,C1502997166,410640.2,410005.5,M657498609,0.0,0.0,0,0
14,CASH_IN,262657.92,C310559522,51563.0,314220.92,C1587454679,20396.08,0.0,0,0
14,CASH_OUT,192552.57,C99113015,21794.0,0.0,C1133105949,0.0,192552.57,0,0
14,TRANSFER,285505.4,C1947356036,17824.27,0.0,C1020690655,4275896.7,5124131.68,0,0
14,CASH_OUT,18670.77,C245719382,1214.0,0.0,C2038430647,551814.04,717333.11,0,0
14,PAYMENT,6995.14,C769335313,80516.38,73521.24,M1824480206,0.0,0.0,0,0
14,CASH_IN,79935.65,C1928484592,20069.0,100004.65,C404775810,0.0,509526.78,0,0
14,CASH_IN,251956.74,C870634601,299046.0,551002.74,C1986335083,0.0,0.0,0,0
14,CASH_OUT,112486.3,C1784978027,0.0,0.0,C1555663747,1609585.87,2036268.31,0,0
14,PAYMENT,8513.45,C2077341125,0.0,0.0,M998030882,0.0,0.0,0,0
14,TRANSFER,416759.13,C1116437035,0.0,0.0,C1882615733,2744588.53,3161347.65,0,0
14,CASH_OUT,116.8,C1855887114,0.0,0.0,C764333244,1797007.32,2090490.11,0,0
14,CASH_IN,245777.33,C275017476,10447.0,256224.33,C2096958112,0.0,0.0,0,0
14,CASH_OUT,120848.08,C1891937415,39965.0,0.0,C1686676178,71049.0,305514.06,0,0
14,PAYMENT,19621.71,C903782022,19599.0,0.0,M860087084,0.0,0.0,0,0
14,PAYMENT,12724.84,C239165968,318.0,0.0,M914669963,0.0,0.0,0,0
14,PAYMENT,1790.2,C1520839969,0.0,0.0,M508920550,0.0,0.0,0,0
14,CASH_OUT,184442.32,C276565056,0.0,0.0,C436595683,460658.98,645101.31,0,0
14,PAYMENT,188.14,C1429479864,0.0,0.0,M752874335,0.0,0.0,0,0
14,DEBIT,4393.14,C549601617,5440.0,1046.86,C737986943,337104.29,655031.87,0,0
14,CASH_IN,78602.67,C1862050871,1303406.27,1382008.94,C1818389031,438814.89,952826.64,0,0
14,TRANSFER,193229.2,C1319404744,236652.04,43422.83,C1870258118,1473795.94,1667025.15,0,0
14,CASH_OUT,150867.45,C1514368018,0.0,0.0,C459857341,2520202.07,4655409.26,0,0
14,CASH_OUT,215196.81,C521355180,4034.0,0.0,C588987175,0.0,215196.81,0,0
14,PAYMENT,26890.67,C1901624019,0.0,0.0,M1851804310,0.0,0.0,0,0
15,CASH_OUT,383640.9,C887834353,25085.0,0.0,C908043384,3297873.97,3822471.97,0,0
15,CASH_OUT,138742.54,C1946683319,0.0,0.0,C1864522583,1291931.61,1430674.15,0,0
15,PAYMENT,7252.82,C1881781593,95251.0,87998.18,M1701046802,0.0,0.0,0,0
15,PAYMENT,17215.54,C1685548369,0.0,0.0,M1121522187,0.0,0.0,0,0
15,CASH_OUT,338210.68,C912571538,0.0,0.0,C488011624,2685073.5,3273631.44,0,0
15,CASH_OUT,317129.91,C1474178409,30071.0,0.0,C1913837788,171013.56,390351.75,0,0
15,CASH_OUT,337285.46,C2129407215,40246.0,0.0,C700689755,5333179.73,5981679.56,0,0
15,PAYMENT,25750.45,C298999215,0.0,0.0,M889792715,0.0,0.0,0,0
15,PAYMENT,12933.51,C1802608026,0.0,0.0,M1365741887,0.0,0.0,0,0
15,CASH_OUT,39122.77,C1349876369,0.0,0.0,C1089101011,326790.88,695312.83,0,0
15,PAYMENT,4183.98,C1542211744,510938.0,506754.02,M2093257421,0.0,0.0,0,0
15,PAYMENT,7672.47,C1021639509,0.0,0.0,M1390601621,0.0,0.0,0,0
15,CASH_IN,61599.95,C1689468855,1171703.28,1233303.23,C1363504147,4074298.52,3969813.06,0,0
15,CASH_OUT,147854.09,C1015008511,0.0,0.0,C381132810,2226219.84,2458187.17,0,0
15,PAYMENT,25223.88,C1493319422,22478.0,0.0,M488918777,0.0,0.0,0,0
15,CASH_OUT,154066.07,C1506528429,6237.0,0.0,C719400558,0.0,154066.07,0,0
15,CASH_OUT,165406.42,C1989204618,152.0,0.0,C744582563,195303.48,691422.68,0,0
15,CASH_IN,155695.99,C929988901,4622236.44,4777932.44,C1217400138,1037172.46,1507214.22,0,0
15,PAYMENT,17494.24,C1690180998,0.0,0.0,M1166006846,0.0,0.0,0,0
15,CASH_OUT,240172.73,C1403906717,419458.11,179285.37,C1470515582,1202660.7,1442833.44,0,0
15,PAYMENT,17735.01,C1811401705,1245675.69,1227940.68,M1271638728,0.0,0.0,0,0
15,PAYMENT,14572.66,C1887755919,58711.18,44138.52,M31892308,0.0,0.0,0,0
15,CASH_OUT,39310.96,C644114871,141548.0,102237.04,C90810322,2156849.67,2196160.63,0,0
15,CASH_OUT,327611.28,C781526911,117762.64,0.0,C654955252,629470.36,1069199.01,0,0
15,CASH_IN,155674.3,C194149436,4105880.66,4261554.96,C997061881,1106014.65,950340.36,0,0
15,CASH_OUT,145569.55,C1578463730,0.0,0.0,C1140712423,6610953.75,6756523.3,0,0
15,PAYMENT,25483.34,C1779591381,36943.23,11459.89,M2085846209,0.0,0.0,0,0
15,PAYMENT,10122.74,C2116842735,43493.53,33370.79,M888040992,0.0,0.0,0,0
15,CASH_OUT,18191.82,C1909376188,0.0,0.0,C371788646,124772.52,521477.4,0,0
15,PAYMENT,6233.84,C1814684689,238065.9,231832.06,M416748499,0.0,0.0,0,0
15,CASH_OUT,109503.28,C225098843,1044.0,0.0,C1597935513,243895.4,353398.68,0,0
15,CASH_OUT,79052.15,C704395430,8014.0,0.0,C390576482,5580281.28,6031673.25,0,0
15,TRANSFER,725986.58,C450049118,0.0,0.0,C278732228,4322690.07,5048676.65,0,0
15,TRANSFER,824934.3,C586517814,221743.68,0.0,C1187026769,1502559.67,2327493.97,0,0
15,PAYMENT,5004.12,C177840512,0.0,0.0,M1400698816,0.0,0.0,0,0
15,CASH_OUT,251432.92,C928492757,0.0,0.0,C130658646,2606228.57,3136822.62,0,0
15,CASH_OUT,633265.02,C1364895974,26816.0,0.0,C1455016120,166400.62,999006.31,0,0
15,CASH_OUT,47591.2,C300145424,8096.0,0.0,C1535237029,174727.39,27329.7,0,0
15,PAYMENT,6387.02,C1110538082,297.0,0.0,M1982165049,0.0,0.0,0,0
15,PAYMENT,9898.17,C2095210865,297833.0,287934.83,M826772446,0.0,0.0,0,0
15,CASH_OUT,192817.84,C1951146446,21284.0,0.0,C1818424002,666002.19,858820.03,0,0
15,CASH_OUT,547095.29,C1403005850,137070.6,0.0,C329206545,1702655.98,2249751.27,0,0
15,CASH_IN,278081.24,C1001363802,18772.0,296853.24,C341552838,4315211.92,4037130.68,0,0
15,CASH_IN,138651.1,C621827654,8743596.56,8882247.67,C2058421156,849986.68,711335.58,0,0
15,PAYMENT,8512.13,C2000518311,216973.22,208461.08,M1576276294,0.0,0.0,0,0
15,PAYMENT,2395.03,C249260442,0.0,0.0,M1814190653,0.0,0.0,0,0
15,CASH_OUT,178786.72,C176945633,0.0,0.0,C430658600,224716.85,403503.57,0,0
15,CASH_IN,220114.53,C1199950917,4257591.73,4477706.27,C1523483543,1647200.41,1427085.88,0,0
15,CASH_OUT,51596.47,C1668516644,140662.0,89065.53,C551826096,260533.04,312129.51,0,0
15,CASH_OUT,272624.3,C1685151862,0.0,0.0,C593241077,521081.05,793705.35,0,0
15,CASH_OUT,119661.25,C1343620949,20543.0,0.0,C1426288727,0.0,119661.25,0,0
15,CASH_OUT,550902.35,C385741398,595595.85,44693.5,C30272171,783012.08,1429694.03,0,0
15,CASH_OUT,151952.81,C1794368047,692.0,0.0,C1451093652,20237.0,128940.45,0,0
15,PAYMENT,4614.61,C1746550072,124180.0,119565.39,M1129215834,0.0,0.0,0,0
15,CASH_OUT,452218.34,C1512634283,336260.21,0.0,C585964984,89794.98,542013.32,0,0
15,CASH_OUT,309176.78,C2087359645,78907.0,0.0,C1813913953,697359.71,965355.76,0,0
15,CASH_OUT,138226.74,C526153819,9011.0,0.0,C1705991622,481031.12,619257.87,0,0
15,PAYMENT,17285.71,C953122845,23569.0,6283.29,M1495703582,0.0,0.0,0,0
15,PAYMENT,16722.83,C255267182,0.0,0.0,M1882243282,0.0,0.0,0,0
15,PAYMENT,27880.68,C1705466527,451207.38,423326.7,M1818902666,0.0,0.0,0,0
16,PAYMENT,17187.06,C1207229353,271451.89,254264.83,M1138751965,0.0,0.0,0,0
16,PAYMENT,22043.32,C165008955,176973.31,154929.99,M1616337287,0.0,0.0,0,0
16,TRANSFER,190741.47,C1522206598,76813.0,0.0,C818166075,35061.3,225802.77,0,0
16,CASH_OUT,492772.42,C746008873,0.0,0.0,C2039186472,2419721.93,2885265.13,0,0
16,PAYMENT,10699.76,C278371755,0.0,0.0,M598223172,0.0,0.0,0,0
16,PAYMENT,12782.26,C1535561762,0.0,0.0,M1675830072,0.0,0.0,0,0
16,CASH_OUT,22854.87,C47595231,102443.0,79588.13,C2039196419,202560.67,225415.54,0,0
16,CASH_OUT,190271.41,C845707359,407882.0,217610.59,C1604085736,2561.0,1786.63,0,0
16,CASH_OUT,104675.5,C1645692159,0.0,0.0,C120968558,992930.13,1189764.84,0,0
16,PAYMENT,10255.54,C254951623,223276.0,213020.46,M2106356921,0.0,0.0,0,0
16,TRANSFER,654163.92,C1939910776,19879.0,0.0,C225769102,625223.46,1279387.38,0,0
16,CASH_IN,58066.35,C1257976342,4686945.97,4745012.32,C1826598423,838138.51,780072.16,0,0
16,CASH_OUT,45936.67,C849166081,20560.0,0.0,C1394475715,278017.8,797678.95,0,0
16,TRANSFER,34280.22,C1484019158,67.0,0.0,C489439580,7180.13,41460.35,0,0
16,CASH_OUT,141106.7,C1507628723,10961.0,0.0,C532832158,0.0,141106.7,0,0
16,CASH_OUT,322159.74,C1358222907,150267.0,0.0,C314337396,142098.58,464258.32,0,0
16,TRANSFER,1220312.59,C1061946870,15363.0,0.0,C1300130186,0.0,1220312.59,0,0
16,PAYMENT,26677.46,C1338892744,0.0,0.0,M896878383,0.0,0.0,0,0
16,PAYMENT,14227.76,C499169948,36707.42,22479.66,M1018543859,0.0,0.0,0,0
16,CASH_OUT,99010.75,C641004248,0.0,0.0,C1182630993,956840.89,1364753.81,0,0
16,CASH_OUT,202306.34,C115233698,0.0,0.0,C1383605612,2.931046775E7,2.982749013E7,0,0
16,PAYMENT,8250.71,C1963565436,0.0,0.0,M204453610,0.0,0.0,0,0
16,CASH_IN,178542.0,C158744220,2956905.0,3135447.0,C1038703599,315199.89,268106.7,0,0
16,CASH_IN,104583.72,C1905817166,3605681.26,3710264.97,C764744375,231641.35,252297.45,0,0
16,PAYMENT,13311.19,C1697850209,423052.0,409740.81,M665483631,0.0,0.0,0,0
16,CASH_OUT,171165.36,C1996747156,228002.11,56836.75,C1520693345,2243416.76,2414582.13,0,0
16,CASH_OUT,319859.06,C2057779769,319819.0,0.0,C1524903038,428861.35,1241780.23,0,0
16,CASH_OUT,24346.54,C1317712562,87205.0,62858.46,C590480042,1601022.97,1126264.43,0,0
16,CASH_OUT,211210.01,C1477075395,0.0,0.0,C287560801,1597357.75,1808567.76,0,0
16,CASH_IN,24400.07,C1739674417,3959913.51,3984313.57,C1859125434,78992.95,0.0,0,0
16,CASH_OUT,375811.99,C988009575,128556.0,0.0,C651127138,32983.2,408795.19,0,0
16,PAYMENT,16411.51,C88914040,117821.0,101409.49,M2116219107,0.0,0.0,0,0
16,CASH_IN,88934.45,C1285204580,423804.69,512739.15,C327052591,2.741463915E7,2.73257047E7,0,0
16,CASH_OUT,43850.85,C1077452648,126926.0,83075.15,C1569439613,19665.21,229405.07,0,0
16,CASH_OUT,186155.88,C1804919910,0.0,0.0,C892355862,233352.89,419508.77,0,0
16,PAYMENT,3015.84,C853623649,107237.0,104221.16,M50522912,0.0,0.0,0,0
16,CASH_OUT,177415.47,C158076829,0.0,0.0,C378946166,707517.76,884933.23,0,0
16,CASH_OUT,176134.21,C1050211064,181436.3,5302.1,C1063380748,77362.0,351438.97,0,0
16,CASH_OUT,10199.86,C1820780666,0.0,0.0,C1869296722,40307.0,50506.86,0,0
